DATE,value,element,STATION_ID
2012-04-28,0.0,PRCP,US1TXDA0037
2012-04-29,0.0,PRCP,US1TXDA0037
2012-04-30,0.0,PRCP,US1TXDA0037
2012-04-28,0.0,SNOW,US1TXDA0037
2012-04-29,0.0,SNOW,US1TXDA0037
2012-04-30,0.0,SNOW,US1TXDA0037
2012-05-01,0.0,PRCP,US1TXDA0037
2012-05-02,0.0,PRCP,US1TXDA0037
2012-05-03,0.0,PRCP,US1TXDA0037
2012-05-04,0.0,PRCP,US1TXDA0037
2012-05-05,0.0,PRCP,US1TXDA0037
2012-05-06,0.0,PRCP,US1TXDA0037
2012-05-07,0.0,PRCP,US1TXDA0037
2012-05-08,28.4,PRCP,US1TXDA0037
2012-05-09,0.0,PRCP,US1TXDA0037
2012-05-10,0.0,PRCP,US1TXDA0037
2012-05-11,2.8,PRCP,US1TXDA0037
2012-05-12,59.7,PRCP,US1TXDA0037
2012-05-13,0.0,PRCP,US1TXDA0037
2012-05-14,0.0,PRCP,US1TXDA0037
2012-05-15,0.0,PRCP,US1TXDA0037
2012-05-16,0.0,PRCP,US1TXDA0037
2012-05-17,0.0,PRCP,US1TXDA0037
2012-05-18,0.0,PRCP,US1TXDA0037
2012-05-19,0.0,PRCP,US1TXDA0037
2012-05-20,0.0,PRCP,US1TXDA0037
2012-05-21,0.0,PRCP,US1TXDA0037
2012-05-22,0.0,PRCP,US1TXDA0037
2012-05-23,0.0,PRCP,US1TXDA0037
2012-05-24,0.0,PRCP,US1TXDA0037
2012-05-25,0.0,PRCP,US1TXDA0037
2012-05-01,0.0,SNOW,US1TXDA0037
2012-05-02,0.0,SNOW,US1TXDA0037
2012-05-03,0.0,SNOW,US1TXDA0037
2012-05-04,0.0,SNOW,US1TXDA0037
2012-05-05,0.0,SNOW,US1TXDA0037
2012-05-06,0.0,SNOW,US1TXDA0037
2012-05-07,0.0,SNOW,US1TXDA0037
2012-05-10,0.0,SNOW,US1TXDA0037
2012-05-13,0.0,SNOW,US1TXDA0037
2012-05-14,0.0,SNOW,US1TXDA0037
2012-05-15,0.0,SNOW,US1TXDA0037
2012-05-16,0.0,SNOW,US1TXDA0037
2012-05-17,0.0,SNOW,US1TXDA0037
2012-05-18,0.0,SNOW,US1TXDA0037
2012-05-19,0.0,SNOW,US1TXDA0037
2012-05-20,0.0,SNOW,US1TXDA0037
2012-05-21,0.0,SNOW,US1TXDA0037
2012-05-22,0.0,SNOW,US1TXDA0037
2012-05-23,0.0,SNOW,US1TXDA0037
2012-05-24,0.0,SNOW,US1TXDA0037
2012-05-25,0.0,SNOW,US1TXDA0037
2012-06-05,0.0,PRCP,US1TXDA0037
2012-06-06,0.0,PRCP,US1TXDA0037
2012-06-09,0.0,PRCP,US1TXDA0037
2012-06-10,0.0,PRCP,US1TXDA0037
2012-06-11,0.0,PRCP,US1TXDA0037
2012-06-12,0.3,PRCP,US1TXDA0037
2012-06-13,0.0,PRCP,US1TXDA0037
2012-06-14,2.3,PRCP,US1TXDA0037
2012-06-15,0.0,PRCP,US1TXDA0037
2012-06-16,3.6,PRCP,US1TXDA0037
2012-06-17,0.0,PRCP,US1TXDA0037
2012-06-18,0.0,PRCP,US1TXDA0037
2012-06-19,0.0,PRCP,US1TXDA0037
2012-06-20,10.4,PRCP,US1TXDA0037
2012-06-21,0.0,PRCP,US1TXDA0037
2012-06-22,0.0,PRCP,US1TXDA0037
2012-06-23,0.0,PRCP,US1TXDA0037
2012-06-24,0.0,PRCP,US1TXDA0037
2012-06-25,0.0,PRCP,US1TXDA0037
2012-06-26,0.0,PRCP,US1TXDA0037
2012-06-27,0.0,PRCP,US1TXDA0037
2012-06-28,0.0,PRCP,US1TXDA0037
2012-06-29,0.0,PRCP,US1TXDA0037
2012-06-30,0.0,PRCP,US1TXDA0037
2012-06-05,0.0,SNOW,US1TXDA0037
2012-06-06,0.0,SNOW,US1TXDA0037
2012-06-09,0.0,SNOW,US1TXDA0037
2012-06-10,0.0,SNOW,US1TXDA0037
2012-06-11,0.0,SNOW,US1TXDA0037
2012-06-13,0.0,SNOW,US1TXDA0037
2012-06-15,0.0,SNOW,US1TXDA0037
2012-06-17,0.0,SNOW,US1TXDA0037
2012-06-18,0.0,SNOW,US1TXDA0037
2012-06-19,0.0,SNOW,US1TXDA0037
2012-06-21,0.0,SNOW,US1TXDA0037
2012-06-22,0.0,SNOW,US1TXDA0037
2012-06-23,0.0,SNOW,US1TXDA0037
2012-06-24,0.0,SNOW,US1TXDA0037
2012-06-25,0.0,SNOW,US1TXDA0037
2012-06-26,0.0,SNOW,US1TXDA0037
2012-06-27,0.0,SNOW,US1TXDA0037
2012-06-28,0.0,SNOW,US1TXDA0037
2012-06-29,0.0,SNOW,US1TXDA0037
2012-06-30,0.0,SNOW,US1TXDA0037
2012-06-08,3.0,DAPR,US1TXDA0037
2012-06-08,826.0,MDPR,US1TXDA0037
2012-07-01,0.0,PRCP,US1TXDA0037
2012-07-02,4.6,PRCP,US1TXDA0037
2012-07-03,0.0,PRCP,US1TXDA0037
2012-07-04,0.0,PRCP,US1TXDA0037
2012-07-05,0.0,PRCP,US1TXDA0037
2012-07-06,0.0,PRCP,US1TXDA0037
2012-07-07,0.0,PRCP,US1TXDA0037
2012-07-08,8.9,PRCP,US1TXDA0037
2012-07-09,0.0,PRCP,US1TXDA0037
2012-07-10,0.0,PRCP,US1TXDA0037
2012-07-11,4.1,PRCP,US1TXDA0037
2012-07-12,3.6,PRCP,US1TXDA0037
2012-07-13,0.0,PRCP,US1TXDA0037
2012-07-14,0.0,PRCP,US1TXDA0037
2012-07-15,0.0,PRCP,US1TXDA0037
2012-07-16,0.0,PRCP,US1TXDA0037
2012-07-17,0.0,PRCP,US1TXDA0037
2012-07-18,0.0,PRCP,US1TXDA0037
2012-07-19,0.0,PRCP,US1TXDA0037
2012-07-20,0.0,PRCP,US1TXDA0037
2012-07-21,0.0,PRCP,US1TXDA0037
2012-07-22,0.0,PRCP,US1TXDA0037
2012-07-23,0.0,PRCP,US1TXDA0037
2012-07-24,0.0,PRCP,US1TXDA0037
2012-07-25,0.0,PRCP,US1TXDA0037
2012-07-26,0.0,PRCP,US1TXDA0037
2012-07-27,0.0,PRCP,US1TXDA0037
2012-07-28,0.0,PRCP,US1TXDA0037
2012-07-29,0.0,PRCP,US1TXDA0037
2012-07-30,0.0,PRCP,US1TXDA0037
2012-07-31,0.0,PRCP,US1TXDA0037
2012-07-01,0.0,SNOW,US1TXDA0037
2012-07-03,0.0,SNOW,US1TXDA0037
2012-07-04,0.0,SNOW,US1TXDA0037
2012-07-05,0.0,SNOW,US1TXDA0037
2012-07-06,0.0,SNOW,US1TXDA0037
2012-07-07,0.0,SNOW,US1TXDA0037
2012-07-10,0.0,SNOW,US1TXDA0037
2012-07-13,0.0,SNOW,US1TXDA0037
2012-07-14,0.0,SNOW,US1TXDA0037
2012-07-17,0.0,SNOW,US1TXDA0037
2012-07-18,0.0,SNOW,US1TXDA0037
2012-07-19,0.0,SNOW,US1TXDA0037
2012-07-20,0.0,SNOW,US1TXDA0037
2012-07-21,0.0,SNOW,US1TXDA0037
2012-07-22,0.0,SNOW,US1TXDA0037
2012-07-23,0.0,SNOW,US1TXDA0037
2012-07-24,0.0,SNOW,US1TXDA0037
2012-07-25,0.0,SNOW,US1TXDA0037
2012-07-26,0.0,SNOW,US1TXDA0037
2012-07-27,0.0,SNOW,US1TXDA0037
2012-07-28,0.0,SNOW,US1TXDA0037
2012-07-29,0.0,SNOW,US1TXDA0037
2012-07-30,0.0,SNOW,US1TXDA0037
2012-07-31,0.0,SNOW,US1TXDA0037
2012-08-01,0.0,PRCP,US1TXDA0037
2012-08-02,0.0,PRCP,US1TXDA0037
2012-08-03,0.0,PRCP,US1TXDA0037
2012-08-04,0.0,PRCP,US1TXDA0037
2012-08-05,0.0,PRCP,US1TXDA0037
2012-08-06,0.0,PRCP,US1TXDA0037
2012-08-07,0.0,PRCP,US1TXDA0037
2012-08-08,0.0,PRCP,US1TXDA0037
2012-08-09,0.0,PRCP,US1TXDA0037
2012-08-10,0.0,PRCP,US1TXDA0037
2012-08-11,0.0,PRCP,US1TXDA0037
2012-08-12,0.0,PRCP,US1TXDA0037
2012-08-13,0.0,PRCP,US1TXDA0037
2012-08-14,0.0,PRCP,US1TXDA0037
2012-08-15,31.8,PRCP,US1TXDA0037
2012-08-16,0.0,PRCP,US1TXDA0037
2012-08-17,0.0,PRCP,US1TXDA0037
2012-08-18,14.7,PRCP,US1TXDA0037
2012-08-19,42.4,PRCP,US1TXDA0037
2012-08-20,0.0,PRCP,US1TXDA0037
2012-08-21,2.5,PRCP,US1TXDA0037
2012-08-22,0.0,PRCP,US1TXDA0037
2012-08-23,0.0,PRCP,US1TXDA0037
2012-08-24,0.0,PRCP,US1TXDA0037
2012-08-25,0.0,PRCP,US1TXDA0037
2012-08-26,0.0,PRCP,US1TXDA0037
2012-08-27,12.7,PRCP,US1TXDA0037
2012-08-28,0.0,PRCP,US1TXDA0037
2012-08-29,0.8,PRCP,US1TXDA0037
2012-08-30,0.0,PRCP,US1TXDA0037
2012-08-31,0.0,PRCP,US1TXDA0037
2012-08-01,0.0,SNOW,US1TXDA0037
2012-08-02,0.0,SNOW,US1TXDA0037
2012-08-03,0.0,SNOW,US1TXDA0037
2012-08-04,0.0,SNOW,US1TXDA0037
2012-08-05,0.0,SNOW,US1TXDA0037
2012-08-06,0.0,SNOW,US1TXDA0037
2012-08-07,0.0,SNOW,US1TXDA0037
2012-08-08,0.0,SNOW,US1TXDA0037
2012-08-09,0.0,SNOW,US1TXDA0037
2012-08-10,0.0,SNOW,US1TXDA0037
2012-08-11,0.0,SNOW,US1TXDA0037
2012-08-12,0.0,SNOW,US1TXDA0037
2012-08-14,0.0,SNOW,US1TXDA0037
2012-08-16,0.0,SNOW,US1TXDA0037
2012-08-17,0.0,SNOW,US1TXDA0037
2012-08-20,0.0,SNOW,US1TXDA0037
2012-08-22,0.0,SNOW,US1TXDA0037
2012-08-23,0.0,SNOW,US1TXDA0037
2012-08-24,0.0,SNOW,US1TXDA0037
2012-08-25,0.0,SNOW,US1TXDA0037
2012-08-26,0.0,SNOW,US1TXDA0037
2012-08-28,0.0,SNOW,US1TXDA0037
2012-08-30,0.0,SNOW,US1TXDA0037
2012-08-31,0.0,SNOW,US1TXDA0037
2012-09-01,0.0,PRCP,US1TXDA0037
2012-09-02,0.0,PRCP,US1TXDA0037
2012-09-03,0.0,PRCP,US1TXDA0037
2012-09-04,0.0,PRCP,US1TXDA0037
2012-09-05,0.0,PRCP,US1TXDA0037
2012-09-06,0.0,PRCP,US1TXDA0037
2012-09-07,0.0,PRCP,US1TXDA0037
2012-09-08,1.0,PRCP,US1TXDA0037
2012-09-09,0.0,PRCP,US1TXDA0037
2012-09-10,0.0,PRCP,US1TXDA0037
2012-09-11,0.0,PRCP,US1TXDA0037
2012-09-12,0.0,PRCP,US1TXDA0037
2012-09-13,0.0,PRCP,US1TXDA0037
2012-09-14,0.0,PRCP,US1TXDA0037
2012-09-15,1.0,PRCP,US1TXDA0037
2012-09-18,0.0,PRCP,US1TXDA0037
2012-09-19,0.0,PRCP,US1TXDA0037
2012-09-20,0.0,PRCP,US1TXDA0037
2012-09-21,0.0,PRCP,US1TXDA0037
2012-09-22,0.0,PRCP,US1TXDA0037
2012-09-23,0.0,PRCP,US1TXDA0037
2012-09-24,0.0,PRCP,US1TXDA0037
2012-09-25,0.0,PRCP,US1TXDA0037
2012-09-26,0.0,PRCP,US1TXDA0037
2012-09-27,0.0,PRCP,US1TXDA0037
2012-09-28,0.0,PRCP,US1TXDA0037
2012-09-01,0.0,SNOW,US1TXDA0037
2012-09-02,0.0,SNOW,US1TXDA0037
2012-09-03,0.0,SNOW,US1TXDA0037
2012-09-04,0.0,SNOW,US1TXDA0037
2012-09-05,0.0,SNOW,US1TXDA0037
2012-09-06,0.0,SNOW,US1TXDA0037
2012-09-07,0.0,SNOW,US1TXDA0037
2012-09-09,0.0,SNOW,US1TXDA0037
2012-09-10,0.0,SNOW,US1TXDA0037
2012-09-11,0.0,SNOW,US1TXDA0037
2012-09-12,0.0,SNOW,US1TXDA0037
2012-09-13,0.0,SNOW,US1TXDA0037
2012-09-14,0.0,SNOW,US1TXDA0037
2012-09-18,0.0,SNOW,US1TXDA0037
2012-09-19,0.0,SNOW,US1TXDA0037
2012-09-20,0.0,SNOW,US1TXDA0037
2012-09-21,0.0,SNOW,US1TXDA0037
2012-09-22,0.0,SNOW,US1TXDA0037
2012-09-23,0.0,SNOW,US1TXDA0037
2012-09-24,0.0,SNOW,US1TXDA0037
2012-09-25,0.0,SNOW,US1TXDA0037
2012-09-26,0.0,SNOW,US1TXDA0037
2012-09-27,0.0,SNOW,US1TXDA0037
2012-09-28,0.0,SNOW,US1TXDA0037
2012-09-17,2.0,DAPR,US1TXDA0037
2012-09-17,81.0,MDPR,US1TXDA0037
2012-10-02,0.0,PRCP,US1TXDA0037
2012-10-03,0.0,PRCP,US1TXDA0037
2012-10-04,0.0,PRCP,US1TXDA0037
2012-10-05,0.0,PRCP,US1TXDA0037
2012-10-06,0.0,PRCP,US1TXDA0037
2012-10-07,0.0,PRCP,US1TXDA0037
2012-10-08,0.0,PRCP,US1TXDA0037
2012-10-09,0.0,PRCP,US1TXDA0037
2012-10-10,0.0,PRCP,US1TXDA0037
2012-10-11,0.0,PRCP,US1TXDA0037
2012-10-12,0.3,PRCP,US1TXDA0037
2012-10-13,0.0,PRCP,US1TXDA0037
2012-10-14,23.4,PRCP,US1TXDA0037
2012-10-15,0.0,PRCP,US1TXDA0037
2012-10-16,0.0,PRCP,US1TXDA0037
2012-10-17,0.0,PRCP,US1TXDA0037
2012-10-18,0.0,PRCP,US1TXDA0037
2012-10-19,0.0,PRCP,US1TXDA0037
2012-10-20,0.0,PRCP,US1TXDA0037
2012-10-21,0.0,PRCP,US1TXDA0037
2012-10-22,0.0,PRCP,US1TXDA0037
2012-10-23,0.3,PRCP,US1TXDA0037
2012-10-24,0.0,PRCP,US1TXDA0037
2012-10-25,0.0,PRCP,US1TXDA0037
2012-10-26,8.6,PRCP,US1TXDA0037
2012-10-27,0.0,PRCP,US1TXDA0037
2012-10-28,0.0,PRCP,US1TXDA0037
2012-10-29,0.0,PRCP,US1TXDA0037
2012-10-30,0.0,PRCP,US1TXDA0037
2012-10-31,0.0,PRCP,US1TXDA0037
2012-10-02,0.0,SNOW,US1TXDA0037
2012-10-03,0.0,SNOW,US1TXDA0037
2012-10-04,0.0,SNOW,US1TXDA0037
2012-10-05,0.0,SNOW,US1TXDA0037
2012-10-06,0.0,SNOW,US1TXDA0037
2012-10-07,0.0,SNOW,US1TXDA0037
2012-10-09,0.0,SNOW,US1TXDA0037
2012-10-10,0.0,SNOW,US1TXDA0037
2012-10-11,0.0,SNOW,US1TXDA0037
2012-10-13,0.0,SNOW,US1TXDA0037
2012-10-15,0.0,SNOW,US1TXDA0037
2012-10-16,0.0,SNOW,US1TXDA0037
2012-10-17,0.0,SNOW,US1TXDA0037
2012-10-18,0.0,SNOW,US1TXDA0037
2012-10-19,0.0,SNOW,US1TXDA0037
2012-10-20,0.0,SNOW,US1TXDA0037
2012-10-21,0.0,SNOW,US1TXDA0037
2012-10-22,0.0,SNOW,US1TXDA0037
2012-10-24,0.0,SNOW,US1TXDA0037
2012-10-25,0.0,SNOW,US1TXDA0037
2012-10-27,0.0,SNOW,US1TXDA0037
2012-10-28,0.0,SNOW,US1TXDA0037
2012-10-29,0.0,SNOW,US1TXDA0037
2012-10-30,0.0,SNOW,US1TXDA0037
2012-10-31,0.0,SNOW,US1TXDA0037
2012-10-01,3.0,DAPR,US1TXDA0037
2012-10-01,737.0,MDPR,US1TXDA0037
2012-11-01,0.0,PRCP,US1TXDA0037
2012-11-02,0.0,PRCP,US1TXDA0037
2012-11-03,0.0,PRCP,US1TXDA0037
2012-11-04,0.0,PRCP,US1TXDA0037
2012-11-05,0.0,PRCP,US1TXDA0037
2012-11-06,0.0,PRCP,US1TXDA0037
2012-11-07,0.0,PRCP,US1TXDA0037
2012-11-08,0.0,PRCP,US1TXDA0037
2012-11-09,0.0,PRCP,US1TXDA0037
2012-11-10,0.0,PRCP,US1TXDA0037
2012-11-11,0.0,PRCP,US1TXDA0037
2012-11-12,0.0,PRCP,US1TXDA0037
2012-11-13,0.0,PRCP,US1TXDA0037
2012-11-14,0.0,PRCP,US1TXDA0037
2012-11-15,0.0,PRCP,US1TXDA0037
2012-11-16,0.0,PRCP,US1TXDA0037
2012-11-17,0.0,PRCP,US1TXDA0037
2012-11-18,0.0,PRCP,US1TXDA0037
2012-11-19,0.0,PRCP,US1TXDA0037
2012-11-20,0.0,PRCP,US1TXDA0037
2012-11-21,0.0,PRCP,US1TXDA0037
2012-11-22,0.0,PRCP,US1TXDA0037
2012-11-23,0.0,PRCP,US1TXDA0037
2012-11-24,0.0,PRCP,US1TXDA0037
2012-11-25,0.0,PRCP,US1TXDA0037
2012-11-26,0.0,PRCP,US1TXDA0037
2012-11-27,0.0,PRCP,US1TXDA0037
2012-11-28,0.0,PRCP,US1TXDA0037
2012-11-29,0.0,PRCP,US1TXDA0037
2012-11-30,0.0,PRCP,US1TXDA0037
2012-11-01,0.0,SNOW,US1TXDA0037
2012-11-02,0.0,SNOW,US1TXDA0037
2012-11-03,0.0,SNOW,US1TXDA0037
2012-11-04,0.0,SNOW,US1TXDA0037
2012-11-05,0.0,SNOW,US1TXDA0037
2012-11-06,0.0,SNOW,US1TXDA0037
2012-11-07,0.0,SNOW,US1TXDA0037
2012-11-08,0.0,SNOW,US1TXDA0037
2012-11-09,0.0,SNOW,US1TXDA0037
2012-11-10,0.0,SNOW,US1TXDA0037
2012-11-11,0.0,SNOW,US1TXDA0037
2012-11-12,0.0,SNOW,US1TXDA0037
2012-11-13,0.0,SNOW,US1TXDA0037
2012-11-14,0.0,SNOW,US1TXDA0037
2012-11-15,0.0,SNOW,US1TXDA0037
2012-11-16,0.0,SNOW,US1TXDA0037
2012-11-17,0.0,SNOW,US1TXDA0037
2012-11-18,0.0,SNOW,US1TXDA0037
2012-11-19,0.0,SNOW,US1TXDA0037
2012-11-20,0.0,SNOW,US1TXDA0037
2012-11-21,0.0,SNOW,US1TXDA0037
2012-11-22,0.0,SNOW,US1TXDA0037
2012-11-23,0.0,SNOW,US1TXDA0037
2012-11-24,0.0,SNOW,US1TXDA0037
2012-11-25,0.0,SNOW,US1TXDA0037
2012-11-26,0.0,SNOW,US1TXDA0037
2012-11-27,0.0,SNOW,US1TXDA0037
2012-11-28,0.0,SNOW,US1TXDA0037
2012-11-29,0.0,SNOW,US1TXDA0037
2012-11-30,0.0,SNOW,US1TXDA0037
2012-12-01,0.0,PRCP,US1TXDA0037
2012-12-02,0.0,PRCP,US1TXDA0037
2012-12-03,0.0,PRCP,US1TXDA0037
2012-12-04,0.0,PRCP,US1TXDA0037
2012-12-05,0.0,PRCP,US1TXDA0037
2012-12-06,0.0,PRCP,US1TXDA0037
2012-12-07,0.0,PRCP,US1TXDA0037
2012-12-08,0.0,PRCP,US1TXDA0037
2012-12-09,0.0,PRCP,US1TXDA0037
2012-12-10,0.0,PRCP,US1TXDA0037
2012-12-11,0.0,PRCP,US1TXDA0037
2012-12-12,0.0,PRCP,US1TXDA0037
2012-12-13,0.0,PRCP,US1TXDA0037
2012-12-14,0.0,PRCP,US1TXDA0037
2012-12-15,10.4,PRCP,US1TXDA0037
2012-12-16,0.0,PRCP,US1TXDA0037
2012-12-17,0.0,PRCP,US1TXDA0037
2012-12-18,0.0,PRCP,US1TXDA0037
2012-12-19,0.0,PRCP,US1TXDA0037
2012-12-20,0.0,PRCP,US1TXDA0037
2012-12-21,0.0,PRCP,US1TXDA0037
2012-12-22,0.0,PRCP,US1TXDA0037
2012-12-23,0.0,PRCP,US1TXDA0037
2012-12-24,0.0,PRCP,US1TXDA0037
2012-12-27,0.0,PRCP,US1TXDA0037
2012-12-28,0.8,PRCP,US1TXDA0037
2012-12-29,0.0,PRCP,US1TXDA0037
2012-12-30,0.0,PRCP,US1TXDA0037
2012-12-31,0.0,PRCP,US1TXDA0037
2012-12-01,0.0,SNOW,US1TXDA0037
2012-12-02,0.0,SNOW,US1TXDA0037
2012-12-03,0.0,SNOW,US1TXDA0037
2012-12-04,0.0,SNOW,US1TXDA0037
2012-12-05,0.0,SNOW,US1TXDA0037
2012-12-06,0.0,SNOW,US1TXDA0037
2012-12-07,0.0,SNOW,US1TXDA0037
2012-12-08,0.0,SNOW,US1TXDA0037
2012-12-09,0.0,SNOW,US1TXDA0037
2012-12-10,0.0,SNOW,US1TXDA0037
2012-12-11,0.0,SNOW,US1TXDA0037
2012-12-12,0.0,SNOW,US1TXDA0037
2012-12-13,0.0,SNOW,US1TXDA0037
2012-12-14,0.0,SNOW,US1TXDA0037
2012-12-16,0.0,SNOW,US1TXDA0037
2012-12-17,0.0,SNOW,US1TXDA0037
2012-12-18,0.0,SNOW,US1TXDA0037
2012-12-19,0.0,SNOW,US1TXDA0037
2012-12-20,0.0,SNOW,US1TXDA0037
2012-12-21,0.0,SNOW,US1TXDA0037
2012-12-22,0.0,SNOW,US1TXDA0037
2012-12-23,0.0,SNOW,US1TXDA0037
2012-12-24,0.0,SNOW,US1TXDA0037
2012-12-27,0.0,SNOW,US1TXDA0037
2012-12-29,0.0,SNOW,US1TXDA0037
2012-12-30,0.0,SNOW,US1TXDA0037
2012-12-31,0.0,SNOW,US1TXDA0037
2012-12-26,13.0,SNWD,US1TXDA0037
2012-12-26,2.0,DAPR,US1TXDA0037
2012-12-26,279.0,MDPR,US1TXDA0037
2013-01-01,6.4,PRCP,US1TXDA0037
2013-01-02,0.0,PRCP,US1TXDA0037
2013-01-03,0.0,PRCP,US1TXDA0037
2013-01-04,0.0,PRCP,US1TXDA0037
2013-01-05,0.0,PRCP,US1TXDA0037
2013-01-06,0.0,PRCP,US1TXDA0037
2013-01-07,0.0,PRCP,US1TXDA0037
2013-01-08,0.0,PRCP,US1TXDA0037
2013-01-10,0.0,PRCP,US1TXDA0037
2013-01-11,0.0,PRCP,US1TXDA0037
2013-01-14,0.0,PRCP,US1TXDA0037
2013-01-02,0.0,SNOW,US1TXDA0037
2013-01-03,0.0,SNOW,US1TXDA0037
2013-01-04,0.0,SNOW,US1TXDA0037
2013-01-05,0.0,SNOW,US1TXDA0037
2013-01-06,0.0,SNOW,US1TXDA0037
2013-01-07,0.0,SNOW,US1TXDA0037
2013-01-08,0.0,SNOW,US1TXDA0037
2013-01-10,0.0,SNOW,US1TXDA0037
2013-01-11,0.0,SNOW,US1TXDA0037
2013-01-14,0.0,SNOW,US1TXDA0037
2013-01-10,2.0,DAPR,US1TXDA0037
2013-01-10,678.0,MDPR,US1TXDA0037
2013-03-01,0.0,PRCP,US1TXDA0037
2013-03-02,0.0,PRCP,US1TXDA0037
2013-03-03,0.0,PRCP,US1TXDA0037
2013-03-04,0.0,PRCP,US1TXDA0037
2013-03-05,0.0,PRCP,US1TXDA0037
2013-03-06,0.0,PRCP,US1TXDA0037
2013-03-07,0.0,PRCP,US1TXDA0037
2013-03-08,0.0,PRCP,US1TXDA0037
2013-03-09,0.0,PRCP,US1TXDA0037
2013-03-10,10.4,PRCP,US1TXDA0037
2013-03-11,0.0,PRCP,US1TXDA0037
2013-03-12,0.0,PRCP,US1TXDA0037
2013-03-13,0.0,PRCP,US1TXDA0037
2013-03-14,0.0,PRCP,US1TXDA0037
2013-03-15,0.0,PRCP,US1TXDA0037
2013-03-16,0.0,PRCP,US1TXDA0037
2013-03-17,0.0,PRCP,US1TXDA0037
2013-03-18,0.0,PRCP,US1TXDA0037
2013-03-19,0.0,PRCP,US1TXDA0037
2013-03-20,0.0,PRCP,US1TXDA0037
2013-03-21,0.0,PRCP,US1TXDA0037
2013-03-22,0.0,PRCP,US1TXDA0037
2013-03-23,0.8,PRCP,US1TXDA0037
2013-03-24,2.8,PRCP,US1TXDA0037
2013-03-25,0.0,PRCP,US1TXDA0037
2013-03-26,0.0,PRCP,US1TXDA0037
2013-03-27,0.0,PRCP,US1TXDA0037
2013-03-28,0.0,PRCP,US1TXDA0037
2013-03-29,0.0,PRCP,US1TXDA0037
2013-03-30,20.8,PRCP,US1TXDA0037
2013-03-31,0.0,PRCP,US1TXDA0037
2013-03-01,0.0,SNOW,US1TXDA0037
2013-03-02,0.0,SNOW,US1TXDA0037
2013-03-03,0.0,SNOW,US1TXDA0037
2013-03-04,0.0,SNOW,US1TXDA0037
2013-03-05,0.0,SNOW,US1TXDA0037
2013-03-06,0.0,SNOW,US1TXDA0037
2013-03-07,0.0,SNOW,US1TXDA0037
2013-03-08,0.0,SNOW,US1TXDA0037
2013-03-09,0.0,SNOW,US1TXDA0037
2013-03-11,0.0,SNOW,US1TXDA0037
2013-03-12,0.0,SNOW,US1TXDA0037
2013-03-13,0.0,SNOW,US1TXDA0037
2013-03-14,0.0,SNOW,US1TXDA0037
2013-03-15,0.0,SNOW,US1TXDA0037
2013-03-16,0.0,SNOW,US1TXDA0037
2013-03-17,0.0,SNOW,US1TXDA0037
2013-03-18,0.0,SNOW,US1TXDA0037
2013-03-19,0.0,SNOW,US1TXDA0037
2013-03-20,0.0,SNOW,US1TXDA0037
2013-03-21,0.0,SNOW,US1TXDA0037
2013-03-25,0.0,SNOW,US1TXDA0037
2013-03-26,0.0,SNOW,US1TXDA0037
2013-03-27,0.0,SNOW,US1TXDA0037
2013-03-28,0.0,SNOW,US1TXDA0037
2013-03-29,0.0,SNOW,US1TXDA0037
2013-03-31,0.0,SNOW,US1TXDA0037
2013-04-01,4.3,PRCP,US1TXDA0037
2013-04-02,0.0,PRCP,US1TXDA0037
2013-04-03,19.1,PRCP,US1TXDA0037
2013-04-04,15.2,PRCP,US1TXDA0037
2013-04-05,0.0,PRCP,US1TXDA0037
2013-04-06,0.0,PRCP,US1TXDA0037
2013-04-07,0.0,PRCP,US1TXDA0037
2013-04-08,0.0,PRCP,US1TXDA0037
2013-04-09,0.0,PRCP,US1TXDA0037
2013-04-10,0.0,PRCP,US1TXDA0037
2013-04-11,7.1,PRCP,US1TXDA0037
2013-04-12,0.0,PRCP,US1TXDA0037
2013-04-13,0.0,PRCP,US1TXDA0037
2013-04-14,0.0,PRCP,US1TXDA0037
2013-04-15,0.0,PRCP,US1TXDA0037
2013-04-16,0.0,PRCP,US1TXDA0037
2013-04-17,0.0,PRCP,US1TXDA0037
2013-04-20,0.0,PRCP,US1TXDA0037
2013-04-21,0.0,PRCP,US1TXDA0037
2013-04-22,0.0,PRCP,US1TXDA0037
2013-04-23,0.0,PRCP,US1TXDA0037
2013-04-24,3.3,PRCP,US1TXDA0037
2013-04-25,0.0,PRCP,US1TXDA0037
2013-04-26,0.0,PRCP,US1TXDA0037
2013-04-27,0.0,PRCP,US1TXDA0037
2013-04-28,0.0,PRCP,US1TXDA0037
2013-04-29,0.0,PRCP,US1TXDA0037
2013-04-30,0.0,PRCP,US1TXDA0037
2013-04-02,0.0,SNOW,US1TXDA0037
2013-04-03,0.0,SNOW,US1TXDA0037
2013-04-04,0.0,SNOW,US1TXDA0037
2013-04-05,0.0,SNOW,US1TXDA0037
2013-04-06,0.0,SNOW,US1TXDA0037
2013-04-07,0.0,SNOW,US1TXDA0037
2013-04-08,0.0,SNOW,US1TXDA0037
2013-04-09,0.0,SNOW,US1TXDA0037
2013-04-10,0.0,SNOW,US1TXDA0037
2013-04-12,0.0,SNOW,US1TXDA0037
2013-04-13,0.0,SNOW,US1TXDA0037
2013-04-14,0.0,SNOW,US1TXDA0037
2013-04-15,0.0,SNOW,US1TXDA0037
2013-04-16,0.0,SNOW,US1TXDA0037
2013-04-17,0.0,SNOW,US1TXDA0037
2013-04-20,0.0,SNOW,US1TXDA0037
2013-04-21,0.0,SNOW,US1TXDA0037
2013-04-22,0.0,SNOW,US1TXDA0037
2013-04-23,0.0,SNOW,US1TXDA0037
2013-04-25,0.0,SNOW,US1TXDA0037
2013-04-26,0.0,SNOW,US1TXDA0037
2013-04-28,0.0,SNOW,US1TXDA0037
2013-04-29,0.0,SNOW,US1TXDA0037
2013-04-30,0.0,SNOW,US1TXDA0037
2013-04-19,2.0,DAPR,US1TXDA0037
2013-04-19,381.0,MDPR,US1TXDA0037
2013-05-01,0.0,PRCP,US1TXDA0037
2013-05-02,0.8,PRCP,US1TXDA0037
2013-05-03,0.0,PRCP,US1TXDA0037
2013-05-04,0.0,PRCP,US1TXDA0037
2013-05-05,0.0,PRCP,US1TXDA0037
2013-05-06,0.0,PRCP,US1TXDA0037
2013-05-07,0.0,PRCP,US1TXDA0037
2013-05-08,0.0,PRCP,US1TXDA0037
2013-05-09,0.0,PRCP,US1TXDA0037
2013-05-10,7.9,PRCP,US1TXDA0037
2013-05-11,0.0,PRCP,US1TXDA0037
2013-05-12,0.0,PRCP,US1TXDA0037
2013-05-13,0.0,PRCP,US1TXDA0037
2013-05-14,0.0,PRCP,US1TXDA0037
2013-05-15,0.0,PRCP,US1TXDA0037
2013-05-16,74.7,PRCP,US1TXDA0037
2013-05-25,11.4,PRCP,US1TXDA0037
2013-05-26,11.7,PRCP,US1TXDA0037
2013-05-27,0.5,PRCP,US1TXDA0037
2013-05-28,0.0,PRCP,US1TXDA0037
2013-05-29,0.0,PRCP,US1TXDA0037
2013-05-30,10.2,PRCP,US1TXDA0037
2013-05-31,0.0,PRCP,US1TXDA0037
2013-05-01,0.0,SNOW,US1TXDA0037
2013-05-02,0.0,SNOW,US1TXDA0037
2013-05-03,0.0,SNOW,US1TXDA0037
2013-05-04,0.0,SNOW,US1TXDA0037
2013-05-05,0.0,SNOW,US1TXDA0037
2013-05-06,0.0,SNOW,US1TXDA0037
2013-05-07,0.0,SNOW,US1TXDA0037
2013-05-08,0.0,SNOW,US1TXDA0037
2013-05-09,0.0,SNOW,US1TXDA0037
2013-05-12,0.0,SNOW,US1TXDA0037
2013-05-13,0.0,SNOW,US1TXDA0037
2013-05-14,0.0,SNOW,US1TXDA0037
2013-05-15,0.0,SNOW,US1TXDA0037
2013-05-28,0.0,SNOW,US1TXDA0037
2013-05-29,0.0,SNOW,US1TXDA0037
2013-05-31,0.0,SNOW,US1TXDA0037
2013-06-01,0.0,PRCP,US1TXDA0037
2013-06-02,2.3,PRCP,US1TXDA0037
2013-06-03,0.0,PRCP,US1TXDA0037
2013-06-04,0.0,PRCP,US1TXDA0037
2013-06-05,0.0,PRCP,US1TXDA0037
2013-06-08,0.0,PRCP,US1TXDA0037
2013-06-09,20.8,PRCP,US1TXDA0037
2013-06-10,0.0,PRCP,US1TXDA0037
2013-06-11,0.0,PRCP,US1TXDA0037
2013-06-12,0.0,PRCP,US1TXDA0037
2013-06-13,0.0,PRCP,US1TXDA0037
2013-06-14,0.0,PRCP,US1TXDA0037
2013-06-15,25.7,PRCP,US1TXDA0037
2013-06-16,0.0,PRCP,US1TXDA0037
2013-06-17,0.0,PRCP,US1TXDA0037
2013-06-18,15.5,PRCP,US1TXDA0037
2013-06-19,0.0,PRCP,US1TXDA0037
2013-06-20,0.0,PRCP,US1TXDA0037
2013-06-21,0.0,PRCP,US1TXDA0037
2013-06-22,0.0,PRCP,US1TXDA0037
2013-06-23,0.0,PRCP,US1TXDA0037
2013-06-24,0.0,PRCP,US1TXDA0037
2013-06-25,0.0,PRCP,US1TXDA0037
2013-06-26,0.0,PRCP,US1TXDA0037
2013-06-27,0.0,PRCP,US1TXDA0037
2013-06-28,0.0,PRCP,US1TXDA0037
2013-06-29,0.0,PRCP,US1TXDA0037
2013-06-30,0.0,PRCP,US1TXDA0037
2013-06-01,0.0,SNOW,US1TXDA0037
2013-06-03,0.0,SNOW,US1TXDA0037
2013-06-04,0.0,SNOW,US1TXDA0037
2013-06-05,0.0,SNOW,US1TXDA0037
2013-06-08,0.0,SNOW,US1TXDA0037
2013-06-10,0.0,SNOW,US1TXDA0037
2013-06-11,0.0,SNOW,US1TXDA0037
2013-06-12,0.0,SNOW,US1TXDA0037
2013-06-13,0.0,SNOW,US1TXDA0037
2013-06-14,0.0,SNOW,US1TXDA0037
2013-06-16,0.0,SNOW,US1TXDA0037
2013-06-17,0.0,SNOW,US1TXDA0037
2013-06-19,0.0,SNOW,US1TXDA0037
2013-06-20,0.0,SNOW,US1TXDA0037
2013-06-21,0.0,SNOW,US1TXDA0037
2013-06-22,0.0,SNOW,US1TXDA0037
2013-06-23,0.0,SNOW,US1TXDA0037
2013-06-24,0.0,SNOW,US1TXDA0037
2013-06-25,0.0,SNOW,US1TXDA0037
2013-06-26,0.0,SNOW,US1TXDA0037
2013-06-27,0.0,SNOW,US1TXDA0037
2013-06-28,0.0,SNOW,US1TXDA0037
2013-06-29,0.0,SNOW,US1TXDA0037
2013-06-30,0.0,SNOW,US1TXDA0037
2013-06-07,2.0,DAPR,US1TXDA0037
2013-06-07,246.0,MDPR,US1TXDA0037
2013-07-01,0.0,PRCP,US1TXDA0037
2013-07-02,0.0,PRCP,US1TXDA0037
2013-07-03,0.0,PRCP,US1TXDA0037
2013-07-04,0.0,PRCP,US1TXDA0037
2013-07-05,0.0,PRCP,US1TXDA0037
2013-07-06,0.0,PRCP,US1TXDA0037
2013-07-07,0.0,PRCP,US1TXDA0037
2013-07-08,0.0,PRCP,US1TXDA0037
2013-07-09,0.0,PRCP,US1TXDA0037
2013-07-10,0.0,PRCP,US1TXDA0037
2013-07-11,0.0,PRCP,US1TXDA0037
2013-07-12,0.0,PRCP,US1TXDA0037
2013-07-13,0.0,PRCP,US1TXDA0037
2013-07-16,0.0,PRCP,US1TXDA0037
2013-07-17,35.6,PRCP,US1TXDA0037
2013-07-18,0.0,PRCP,US1TXDA0037
2013-07-19,0.0,PRCP,US1TXDA0037
2013-07-20,5.1,PRCP,US1TXDA0037
2013-07-01,0.0,SNOW,US1TXDA0037
2013-07-02,0.0,SNOW,US1TXDA0037
2013-07-03,0.0,SNOW,US1TXDA0037
2013-07-04,0.0,SNOW,US1TXDA0037
2013-07-05,0.0,SNOW,US1TXDA0037
2013-07-06,0.0,SNOW,US1TXDA0037
2013-07-07,0.0,SNOW,US1TXDA0037
2013-07-08,0.0,SNOW,US1TXDA0037
2013-07-09,0.0,SNOW,US1TXDA0037
2013-07-10,0.0,SNOW,US1TXDA0037
2013-07-11,0.0,SNOW,US1TXDA0037
2013-07-12,0.0,SNOW,US1TXDA0037
2013-07-13,0.0,SNOW,US1TXDA0037
2013-07-18,0.0,SNOW,US1TXDA0037
2013-07-19,0.0,SNOW,US1TXDA0037
2013-07-16,2.0,DAPR,US1TXDA0037
2013-07-16,152.0,MDPR,US1TXDA0037
2013-08-09,0.0,PRCP,US1TXDA0037
2013-08-25,0.0,PRCP,US1TXDA0037
2013-08-30,0.0,PRCP,US1TXDA0037
2013-08-31,0.0,PRCP,US1TXDA0037
2013-08-09,0.0,SNOW,US1TXDA0037
2013-08-25,0.0,SNOW,US1TXDA0037
2013-08-30,0.0,SNOW,US1TXDA0037
2013-08-31,0.0,SNOW,US1TXDA0037
2013-09-01,0.0,PRCP,US1TXDA0037
2013-09-02,0.0,PRCP,US1TXDA0037
2013-09-03,0.0,PRCP,US1TXDA0037
2013-09-04,0.0,PRCP,US1TXDA0037
2013-09-05,0.0,PRCP,US1TXDA0037
2013-09-06,0.0,PRCP,US1TXDA0037
2013-09-07,0.0,PRCP,US1TXDA0037
2013-09-08,0.0,PRCP,US1TXDA0037
2013-09-09,0.0,PRCP,US1TXDA0037
2013-09-23,0.0,PRCP,US1TXDA0037
2013-09-24,0.0,PRCP,US1TXDA0037
2013-09-25,0.0,PRCP,US1TXDA0037
2013-09-26,0.0,PRCP,US1TXDA0037
2013-09-27,0.0,PRCP,US1TXDA0037
2013-09-28,0.0,PRCP,US1TXDA0037
2013-09-01,0.0,SNOW,US1TXDA0037
2013-09-02,0.0,SNOW,US1TXDA0037
2013-09-03,0.0,SNOW,US1TXDA0037
2013-09-04,0.0,SNOW,US1TXDA0037
2013-09-05,0.0,SNOW,US1TXDA0037
2013-09-06,0.0,SNOW,US1TXDA0037
2013-09-07,0.0,SNOW,US1TXDA0037
2013-09-08,0.0,SNOW,US1TXDA0037
2013-09-09,0.0,SNOW,US1TXDA0037
2013-09-23,0.0,SNOW,US1TXDA0037
2013-09-24,0.0,SNOW,US1TXDA0037
2013-09-25,0.0,SNOW,US1TXDA0037
2013-09-26,0.0,SNOW,US1TXDA0037
2013-09-27,0.0,SNOW,US1TXDA0037
2013-09-28,0.0,SNOW,US1TXDA0037
2013-10-01,0.0,PRCP,US1TXDA0037
2013-10-02,0.0,PRCP,US1TXDA0037
2013-10-03,0.0,PRCP,US1TXDA0037
2013-10-04,0.0,PRCP,US1TXDA0037
2013-10-06,6.4,PRCP,US1TXDA0037
2013-10-07,0.0,PRCP,US1TXDA0037
2013-10-08,0.0,PRCP,US1TXDA0037
2013-10-09,0.0,PRCP,US1TXDA0037
2013-10-10,0.0,PRCP,US1TXDA0037
2013-10-11,0.0,PRCP,US1TXDA0037
2013-10-12,0.0,PRCP,US1TXDA0037
2013-10-01,0.0,SNOW,US1TXDA0037
2013-10-02,0.0,SNOW,US1TXDA0037
2013-10-03,0.0,SNOW,US1TXDA0037
2013-10-04,0.0,SNOW,US1TXDA0037
2013-10-07,0.0,SNOW,US1TXDA0037
2013-10-08,0.0,SNOW,US1TXDA0037
2013-10-09,0.0,SNOW,US1TXDA0037
2013-10-10,0.0,SNOW,US1TXDA0037
2013-10-11,0.0,SNOW,US1TXDA0037
2013-10-12,0.0,SNOW,US1TXDA0037
2014-02-15,0.0,PRCP,US1TXDA0037
2014-02-16,0.0,PRCP,US1TXDA0037
2014-02-17,0.0,PRCP,US1TXDA0037
2014-02-18,0.0,PRCP,US1TXDA0037
2014-02-19,0.0,PRCP,US1TXDA0037
2014-02-20,0.0,PRCP,US1TXDA0037
2014-02-21,0.0,PRCP,US1TXDA0037
2014-02-22,0.0,PRCP,US1TXDA0037
2014-05-09,87.6,PRCP,US1TXDA0037
2014-05-10,0.0,PRCP,US1TXDA0037
2014-05-11,0.0,PRCP,US1TXDA0037
2014-05-12,0.0,PRCP,US1TXDA0037
2014-05-20,0.0,PRCP,US1TXDA0037
2014-05-21,0.0,PRCP,US1TXDA0037
2014-05-22,0.0,PRCP,US1TXDA0037
2014-05-23,0.0,PRCP,US1TXDA0037
2014-11-17,0.0,PRCP,US1TXDA0037
2014-11-18,0.0,PRCP,US1TXDA0037
2014-11-19,0.0,PRCP,US1TXDA0037
2014-11-20,0.0,PRCP,US1TXDA0037
2014-11-21,0.0,PRCP,US1TXDA0037
2014-11-22,0.3,PRCP,US1TXDA0037
2014-11-23,9.7,PRCP,US1TXDA0037
2014-11-24,0.0,PRCP,US1TXDA0037
2014-11-25,0.0,PRCP,US1TXDA0037
2014-11-26,0.0,PRCP,US1TXDA0037
2014-11-27,0.0,PRCP,US1TXDA0037
2014-11-28,0.0,PRCP,US1TXDA0037
2014-11-29,0.0,PRCP,US1TXDA0037
2014-11-30,0.0,PRCP,US1TXDA0037
2014-12-01,0.0,PRCP,US1TXDA0037
2014-12-02,0.0,PRCP,US1TXDA0037
2014-12-03,0.0,PRCP,US1TXDA0037
2014-12-04,0.0,PRCP,US1TXDA0037
2014-12-05,0.0,PRCP,US1TXDA0037
2014-12-06,0.0,PRCP,US1TXDA0037
2014-12-07,0.0,PRCP,US1TXDA0037
2014-12-08,0.0,PRCP,US1TXDA0037
2014-12-09,0.0,PRCP,US1TXDA0037
2014-12-10,0.0,PRCP,US1TXDA0037
2014-12-11,0.0,PRCP,US1TXDA0037
2014-12-12,0.5,PRCP,US1TXDA0037
2014-12-13,0.0,PRCP,US1TXDA0037
2014-12-15,49.0,PRCP,US1TXDA0037
2014-12-16,0.0,PRCP,US1TXDA0037
2014-12-17,0.0,PRCP,US1TXDA0037
2014-12-18,16.8,PRCP,US1TXDA0037
2014-12-19,2.0,PRCP,US1TXDA0037
2014-12-20,0.0,PRCP,US1TXDA0037
2014-12-21,0.0,PRCP,US1TXDA0037
2014-12-24,0.0,PRCP,US1TXDA0037
2014-12-25,0.0,PRCP,US1TXDA0037
2014-12-26,0.0,PRCP,US1TXDA0037
2014-12-27,0.0,PRCP,US1TXDA0037
2015-01-02,13.7,PRCP,US1TXDA0037
2015-01-05,0.0,PRCP,US1TXDA0037
2015-01-06,0.0,PRCP,US1TXDA0037
2015-01-07,0.0,PRCP,US1TXDA0037
2015-01-08,0.0,PRCP,US1TXDA0037
2015-01-09,0.0,PRCP,US1TXDA0037
2015-01-10,0.0,PRCP,US1TXDA0037
2015-01-11,24.4,PRCP,US1TXDA0037
2015-01-12,3.6,PRCP,US1TXDA0037
2015-01-13,0.0,PRCP,US1TXDA0037
2015-01-14,0.0,PRCP,US1TXDA0037
2015-01-15,0.0,PRCP,US1TXDA0037
2015-01-16,0.0,PRCP,US1TXDA0037
2015-01-17,0.0,PRCP,US1TXDA0037
2015-01-18,0.0,PRCP,US1TXDA0037
2015-01-19,0.0,PRCP,US1TXDA0037
2015-01-20,0.0,PRCP,US1TXDA0037
2015-01-21,0.0,PRCP,US1TXDA0037
2015-01-22,33.0,PRCP,US1TXDA0037
2015-01-24,0.0,PRCP,US1TXDA0037
2015-01-25,0.0,PRCP,US1TXDA0037
2015-01-26,0.0,PRCP,US1TXDA0037
2015-01-27,0.0,PRCP,US1TXDA0037
2015-01-28,0.0,PRCP,US1TXDA0037
2015-01-29,0.0,PRCP,US1TXDA0037
2015-01-30,0.0,PRCP,US1TXDA0037
2015-01-31,0.0,PRCP,US1TXDA0037
2015-02-01,13.7,PRCP,US1TXDA0037
2015-02-02,0.5,PRCP,US1TXDA0037
2015-02-03,0.0,PRCP,US1TXDA0037
2015-02-04,0.0,PRCP,US1TXDA0037
2015-02-05,0.3,PRCP,US1TXDA0037
2015-02-06,0.0,PRCP,US1TXDA0037
2015-02-07,0.0,PRCP,US1TXDA0037
2015-02-08,0.0,PRCP,US1TXDA0037
2015-02-09,0.0,PRCP,US1TXDA0037
2015-02-10,0.0,PRCP,US1TXDA0037
2015-02-11,0.0,PRCP,US1TXDA0037
2015-02-12,0.0,PRCP,US1TXDA0037
2015-02-13,0.0,PRCP,US1TXDA0037
2015-02-14,0.0,PRCP,US1TXDA0037
2015-02-15,0.0,PRCP,US1TXDA0037
2015-02-16,3.6,PRCP,US1TXDA0037
2015-02-17,0.0,PRCP,US1TXDA0037
2015-02-18,1.0,PRCP,US1TXDA0037
2015-02-19,0.0,PRCP,US1TXDA0037
2015-03-04,4.3,PRCP,US1TXDA0037
2015-03-07,0.0,PRCP,US1TXDA0037
2015-03-11,0.0,PRCP,US1TXDA0037
2015-03-12,0.0,PRCP,US1TXDA0037
2015-03-13,0.3,PRCP,US1TXDA0037
2015-03-14,10.7,PRCP,US1TXDA0037
2015-03-15,0.0,PRCP,US1TXDA0037
2015-03-16,0.0,PRCP,US1TXDA0037
2015-03-17,0.0,PRCP,US1TXDA0037
2015-03-18,0.3,PRCP,US1TXDA0037
2015-03-19,1.5,PRCP,US1TXDA0037
2015-03-20,0.0,PRCP,US1TXDA0037
2015-03-21,8.4,PRCP,US1TXDA0037
2015-03-23,0.0,PRCP,US1TXDA0037
2015-03-24,0.0,PRCP,US1TXDA0037
2015-03-25,0.0,PRCP,US1TXDA0037
2015-03-26,5.6,PRCP,US1TXDA0037
2015-03-27,0.0,PRCP,US1TXDA0037
2015-03-31,0.0,PRCP,US1TXDA0037
2015-04-01,0.0,PRCP,US1TXDA0037
2015-04-05,12.2,PRCP,US1TXDA0037
2015-04-06,16.0,PRCP,US1TXDA0037
2015-04-07,0.0,PRCP,US1TXDA0037
2015-04-08,0.0,PRCP,US1TXDA0037
2015-04-09,0.3,PRCP,US1TXDA0037
2015-04-10,0.0,PRCP,US1TXDA0037
2015-04-11,0.0,PRCP,US1TXDA0037
2015-04-12,0.0,PRCP,US1TXDA0037
2015-04-13,0.5,PRCP,US1TXDA0037
2015-04-14,7.9,PRCP,US1TXDA0037
2015-04-15,0.0,PRCP,US1TXDA0037
2015-04-16,0.0,PRCP,US1TXDA0037
2015-04-18,51.6,PRCP,US1TXDA0037
2015-04-19,19.8,PRCP,US1TXDA0037
2015-04-20,0.0,PRCP,US1TXDA0037
2015-04-21,0.0,PRCP,US1TXDA0037
2015-04-22,0.8,PRCP,US1TXDA0037
2015-04-23,36.8,PRCP,US1TXDA0037
2015-04-25,12.7,PRCP,US1TXDA0037
2015-04-27,0.0,PRCP,US1TXDA0037
2015-04-28,20.6,PRCP,US1TXDA0037
2015-04-29,0.0,PRCP,US1TXDA0037
2015-04-30,0.0,PRCP,US1TXDA0037
2015-05-01,0.0,PRCP,US1TXDA0037
2015-05-02,0.0,PRCP,US1TXDA0037
2015-05-03,0.0,PRCP,US1TXDA0037
2015-05-04,0.0,PRCP,US1TXDA0037
2015-05-05,0.0,PRCP,US1TXDA0037
2015-05-06,5.6,PRCP,US1TXDA0037
2015-05-07,0.0,PRCP,US1TXDA0037
2015-05-08,32.0,PRCP,US1TXDA0037
2015-05-09,3.0,PRCP,US1TXDA0037
2015-05-10,2.0,PRCP,US1TXDA0037
2015-05-11,63.0,PRCP,US1TXDA0037
2015-05-12,0.0,PRCP,US1TXDA0037
2015-05-13,1.3,PRCP,US1TXDA0037
2015-05-14,25.7,PRCP,US1TXDA0037
2015-05-15,0.0,PRCP,US1TXDA0037
2015-05-16,0.0,PRCP,US1TXDA0037
2015-05-17,51.1,PRCP,US1TXDA0037
2015-05-18,2.5,PRCP,US1TXDA0037
2015-05-19,0.0,PRCP,US1TXDA0037
2015-05-20,0.0,PRCP,US1TXDA0037
2015-05-21,12.7,PRCP,US1TXDA0037
2015-05-22,10.2,PRCP,US1TXDA0037
2015-05-23,0.0,PRCP,US1TXDA0037
2015-05-24,51.1,PRCP,US1TXDA0037
2015-05-25,17.8,PRCP,US1TXDA0037
2015-05-26,34.8,PRCP,US1TXDA0037
2015-05-27,6.1,PRCP,US1TXDA0037
2015-05-28,0.0,PRCP,US1TXDA0037
2015-05-29,46.7,PRCP,US1TXDA0037
2015-05-30,0.0,PRCP,US1TXDA0037
2015-05-31,57.7,PRCP,US1TXDA0037
2015-06-01,0.0,PRCP,US1TXDA0037
2015-06-02,0.0,PRCP,US1TXDA0037
2015-06-03,0.0,PRCP,US1TXDA0037
2015-06-04,0.0,PRCP,US1TXDA0037
2015-06-05,0.0,PRCP,US1TXDA0037
2015-06-06,0.0,PRCP,US1TXDA0037
2015-06-07,0.0,PRCP,US1TXDA0037
2015-06-08,0.0,PRCP,US1TXDA0037
2015-06-09,0.0,PRCP,US1TXDA0037
2015-06-10,0.0,PRCP,US1TXDA0037
2015-06-11,0.0,PRCP,US1TXDA0037
2015-06-12,0.0,PRCP,US1TXDA0037
2015-06-13,0.0,PRCP,US1TXDA0037
2015-06-14,0.3,PRCP,US1TXDA0037
2015-06-16,5.1,PRCP,US1TXDA0037
2015-06-17,50.0,PRCP,US1TXDA0037
2015-06-18,19.1,PRCP,US1TXDA0037
2015-06-19,0.0,PRCP,US1TXDA0037
2015-06-20,0.0,PRCP,US1TXDA0037
2015-06-21,16.3,PRCP,US1TXDA0037
2015-06-23,0.0,PRCP,US1TXDA0037
2015-06-24,0.0,PRCP,US1TXDA0037
2015-06-25,0.0,PRCP,US1TXDA0037
2015-06-26,0.0,PRCP,US1TXDA0037
2015-06-27,26.2,PRCP,US1TXDA0037
2015-06-28,0.0,PRCP,US1TXDA0037
2015-06-29,0.0,PRCP,US1TXDA0037
2015-06-30,27.2,PRCP,US1TXDA0037
2015-07-01,0.0,PRCP,US1TXDA0037
2015-07-02,0.0,PRCP,US1TXDA0037
2015-07-03,0.0,PRCP,US1TXDA0037
2015-07-04,0.0,PRCP,US1TXDA0037
2015-07-05,0.0,PRCP,US1TXDA0037
2015-07-06,0.0,PRCP,US1TXDA0037
2015-07-07,0.0,PRCP,US1TXDA0037
2015-07-08,0.0,PRCP,US1TXDA0037
2015-07-09,0.0,PRCP,US1TXDA0037
2015-07-10,0.0,PRCP,US1TXDA0037
2015-07-11,0.0,PRCP,US1TXDA0037
2015-07-12,0.0,PRCP,US1TXDA0037
2015-07-13,0.0,PRCP,US1TXDA0037
2015-07-14,0.0,PRCP,US1TXDA0037
2015-07-15,0.0,PRCP,US1TXDA0037
2015-07-16,0.0,PRCP,US1TXDA0037
2016-01-01,0.0,PRCP,US1TXDA0037
2016-01-02,0.0,PRCP,US1TXDA0037
2016-01-03,0.0,PRCP,US1TXDA0037
2016-01-04,0.0,PRCP,US1TXDA0037
2016-01-05,0.0,PRCP,US1TXDA0037
2016-01-06,0.0,PRCP,US1TXDA0037
2016-01-07,25.7,PRCP,US1TXDA0037
2016-01-08,0.0,PRCP,US1TXDA0037
2016-01-09,1.0,PRCP,US1TXDA0037
2016-01-10,0.0,PRCP,US1TXDA0037
2016-01-11,0.0,PRCP,US1TXDA0037
2016-01-12,0.0,PRCP,US1TXDA0037
2016-01-13,0.0,PRCP,US1TXDA0037
2016-01-14,0.0,PRCP,US1TXDA0037
2016-01-15,0.0,PRCP,US1TXDA0037
2016-01-16,0.0,PRCP,US1TXDA0037
2016-01-17,0.0,PRCP,US1TXDA0037
2016-01-18,0.0,PRCP,US1TXDA0037
2016-01-19,0.0,PRCP,US1TXDA0037
2016-01-20,0.0,PRCP,US1TXDA0037
2016-01-21,0.0,PRCP,US1TXDA0037
2016-01-22,5.1,PRCP,US1TXDA0037
2016-01-23,0.0,PRCP,US1TXDA0037
2016-01-24,0.0,PRCP,US1TXDA0037
2016-01-25,0.0,PRCP,US1TXDA0037
2016-01-26,0.0,PRCP,US1TXDA0037
2016-01-27,0.0,PRCP,US1TXDA0037
2016-01-28,0.0,PRCP,US1TXDA0037
2016-01-29,0.0,PRCP,US1TXDA0037
2016-01-30,0.0,PRCP,US1TXDA0037
2016-01-31,0.0,PRCP,US1TXDA0037
2016-02-01,0.0,PRCP,US1TXDA0037
2016-02-02,0.0,PRCP,US1TXDA0037
2016-02-03,0.0,PRCP,US1TXDA0037
2016-02-04,0.0,PRCP,US1TXDA0037
2016-02-05,0.0,PRCP,US1TXDA0037
2016-02-06,0.0,PRCP,US1TXDA0037
2016-02-07,0.0,PRCP,US1TXDA0037
2016-02-08,0.0,PRCP,US1TXDA0037
2016-02-09,0.0,PRCP,US1TXDA0037
2016-02-10,0.0,PRCP,US1TXDA0037
2016-02-11,0.0,PRCP,US1TXDA0037
2016-02-12,0.0,PRCP,US1TXDA0037
2016-02-13,0.0,PRCP,US1TXDA0037
2016-02-14,0.0,PRCP,US1TXDA0037
2016-02-15,0.0,PRCP,US1TXDA0037
2016-02-16,0.0,PRCP,US1TXDA0037
2016-02-17,0.0,PRCP,US1TXDA0037
2016-02-18,0.0,PRCP,US1TXDA0037
2016-02-19,0.0,PRCP,US1TXDA0037
2016-02-20,0.0,PRCP,US1TXDA0037
2016-02-21,0.0,PRCP,US1TXDA0037
2016-02-22,17.8,PRCP,US1TXDA0037
2016-02-23,32.8,PRCP,US1TXDA0037
2016-02-24,13.0,PRCP,US1TXDA0037
2016-02-25,0.0,PRCP,US1TXDA0037
2016-02-26,0.0,PRCP,US1TXDA0037
2016-02-27,0.0,PRCP,US1TXDA0037
2016-02-28,0.0,PRCP,US1TXDA0037
2016-02-29,0.0,PRCP,US1TXDA0037
2016-03-01,0.0,PRCP,US1TXDA0037
2016-03-02,0.0,PRCP,US1TXDA0037
2016-03-03,0.0,PRCP,US1TXDA0037
2016-03-04,0.0,PRCP,US1TXDA0037
2016-03-05,0.0,PRCP,US1TXDA0037
2016-03-06,0.0,PRCP,US1TXDA0037
2016-03-07,0.0,PRCP,US1TXDA0037
2016-03-08,0.0,PRCP,US1TXDA0037
2016-03-09,85.9,PRCP,US1TXDA0037
2016-03-10,11.7,PRCP,US1TXDA0037
2016-03-11,3.8,PRCP,US1TXDA0037
2016-03-12,3.6,PRCP,US1TXDA0037
2016-03-13,0.8,PRCP,US1TXDA0037
2016-03-14,0.0,PRCP,US1TXDA0037
2016-03-15,0.0,PRCP,US1TXDA0037
2016-03-16,0.0,PRCP,US1TXDA0037
2016-03-17,0.0,PRCP,US1TXDA0037
2016-03-18,0.8,PRCP,US1TXDA0037
2016-03-19,0.0,PRCP,US1TXDA0037
2016-03-20,0.0,PRCP,US1TXDA0037
2016-03-21,0.0,PRCP,US1TXDA0037
2016-03-22,0.0,PRCP,US1TXDA0037
2016-03-23,0.0,PRCP,US1TXDA0037
2016-03-24,11.9,PRCP,US1TXDA0037
2016-03-25,0.0,PRCP,US1TXDA0037
2016-03-26,0.0,PRCP,US1TXDA0037
2016-03-27,0.0,PRCP,US1TXDA0037
2016-03-28,0.0,PRCP,US1TXDA0037
2016-03-29,0.0,PRCP,US1TXDA0037
2016-03-30,0.0,PRCP,US1TXDA0037
2016-03-31,12.4,PRCP,US1TXDA0037
2016-04-01,0.0,PRCP,US1TXDA0037
2016-04-02,0.0,PRCP,US1TXDA0037
2016-04-03,0.0,PRCP,US1TXDA0037
2016-04-04,0.0,PRCP,US1TXDA0037
2016-04-05,0.0,PRCP,US1TXDA0037
2016-04-06,0.0,PRCP,US1TXDA0037
2016-04-07,0.0,PRCP,US1TXDA0037
2016-04-08,0.0,PRCP,US1TXDA0037
2016-04-09,0.0,PRCP,US1TXDA0037
2016-04-10,2.3,PRCP,US1TXDA0037
2016-04-11,0.0,PRCP,US1TXDA0037
2016-04-12,1.3,PRCP,US1TXDA0037
2016-04-13,2.3,PRCP,US1TXDA0037
2016-04-14,2.3,PRCP,US1TXDA0037
2016-04-15,0.0,PRCP,US1TXDA0037
2016-04-18,109.2,PRCP,US1TXDA0037
2016-04-19,0.0,PRCP,US1TXDA0037
2016-04-20,36.3,PRCP,US1TXDA0037
2016-04-21,9.7,PRCP,US1TXDA0037
2016-04-22,0.0,PRCP,US1TXDA0037
2016-04-23,0.0,PRCP,US1TXDA0037
2016-04-24,0.0,PRCP,US1TXDA0037
2016-04-25,0.0,PRCP,US1TXDA0037
2016-04-26,0.0,PRCP,US1TXDA0037
2016-04-27,22.4,PRCP,US1TXDA0037
2016-04-28,0.0,PRCP,US1TXDA0037
2016-04-29,1.3,PRCP,US1TXDA0037
2016-04-30,2.8,PRCP,US1TXDA0037
2016-05-01,0.0,PRCP,US1TXDA0037
2016-05-02,15.0,PRCP,US1TXDA0037
2016-05-03,7.6,PRCP,US1TXDA0037
2016-05-04,0.0,PRCP,US1TXDA0037
2016-05-06,0.0,PRCP,US1TXDA0037
2016-05-07,0.0,PRCP,US1TXDA0037
2016-05-08,0.0,PRCP,US1TXDA0037
2016-05-13,0.0,PRCP,US1TXDA0037
2016-05-17,0.3,PRCP,US1TXDA0037
2016-05-20,10.7,PRCP,US1TXDA0037
2016-05-21,0.0,PRCP,US1TXDA0037
2016-05-22,0.0,PRCP,US1TXDA0037
2016-05-23,0.0,PRCP,US1TXDA0037
2016-05-24,2.5,PRCP,US1TXDA0037
2016-05-27,16.3,PRCP,US1TXDA0037
2016-05-28,5.6,PRCP,US1TXDA0037
2016-05-30,12.2,PRCP,US1TXDA0037
2016-06-01,78.7,PRCP,US1TXDA0037
2016-06-06,0.0,PRCP,US1TXDA0037
2016-06-07,0.0,PRCP,US1TXDA0037
2016-06-08,0.0,PRCP,US1TXDA0037
2016-06-09,0.0,PRCP,US1TXDA0037
2016-06-10,0.0,PRCP,US1TXDA0037
2016-06-11,0.0,PRCP,US1TXDA0037
2016-06-12,7.9,PRCP,US1TXDA0037
2016-06-13,22.9,PRCP,US1TXDA0037
2016-06-15,0.0,PRCP,US1TXDA0037
2016-06-16,0.0,PRCP,US1TXDA0037
2016-06-17,0.0,PRCP,US1TXDA0037
2016-06-18,0.0,PRCP,US1TXDA0037
2016-06-19,0.0,PRCP,US1TXDA0037
2016-06-20,0.0,PRCP,US1TXDA0037
2016-06-21,0.0,PRCP,US1TXDA0037
2016-06-22,0.0,PRCP,US1TXDA0037
2016-06-23,0.0,PRCP,US1TXDA0037
2016-06-24,0.0,PRCP,US1TXDA0037
2016-06-25,0.0,PRCP,US1TXDA0037
2016-06-26,0.0,PRCP,US1TXDA0037
2016-06-27,0.0,PRCP,US1TXDA0037
2016-06-28,4.1,PRCP,US1TXDA0037
2016-06-29,0.0,PRCP,US1TXDA0037
2016-06-30,0.0,PRCP,US1TXDA0037
2016-07-01,0.0,PRCP,US1TXDA0037
2016-07-02,0.0,PRCP,US1TXDA0037
2016-07-03,0.0,PRCP,US1TXDA0037
2016-07-04,5.1,PRCP,US1TXDA0037
2016-07-05,57.7,PRCP,US1TXDA0037
2016-07-06,0.5,PRCP,US1TXDA0037
2016-07-07,0.0,PRCP,US1TXDA0037
2016-07-08,0.0,PRCP,US1TXDA0037
2016-07-09,0.0,PRCP,US1TXDA0037
2016-07-10,8.9,PRCP,US1TXDA0037
2016-07-11,0.0,PRCP,US1TXDA0037
2016-07-12,0.0,PRCP,US1TXDA0037
2016-07-13,0.0,PRCP,US1TXDA0037
2016-07-14,0.0,PRCP,US1TXDA0037
2016-07-17,0.0,PRCP,US1TXDA0037
2016-07-18,0.0,PRCP,US1TXDA0037
2016-07-19,0.0,PRCP,US1TXDA0037
2016-07-20,0.0,PRCP,US1TXDA0037
2016-07-21,0.0,PRCP,US1TXDA0037
2016-07-22,0.0,PRCP,US1TXDA0037
2016-07-23,0.0,PRCP,US1TXDA0037
2016-07-24,0.0,PRCP,US1TXDA0037
2016-07-25,0.0,PRCP,US1TXDA0037
2016-07-26,5.1,PRCP,US1TXDA0037
2016-07-27,0.0,PRCP,US1TXDA0037
2016-07-28,0.0,PRCP,US1TXDA0037
2016-07-29,11.7,PRCP,US1TXDA0037
2016-07-30,0.0,PRCP,US1TXDA0037
2016-07-31,0.0,PRCP,US1TXDA0037
2016-08-01,0.0,PRCP,US1TXDA0037
2016-08-02,0.0,PRCP,US1TXDA0037
2016-08-03,0.0,PRCP,US1TXDA0037
2016-08-04,0.0,PRCP,US1TXDA0037
2016-08-05,0.0,PRCP,US1TXDA0037
2016-08-06,0.0,PRCP,US1TXDA0037
2016-08-07,0.0,PRCP,US1TXDA0037
2016-08-08,0.0,PRCP,US1TXDA0037
2016-08-09,0.0,PRCP,US1TXDA0037
2016-08-10,0.0,PRCP,US1TXDA0037
2016-08-12,0.0,PRCP,US1TXDA0037
2016-08-24,0.0,PRCP,US1TXDA0037
2016-08-25,0.0,PRCP,US1TXDA0037
2016-08-26,0.0,PRCP,US1TXDA0037
2016-08-27,26.2,PRCP,US1TXDA0037
2016-08-28,0.0,PRCP,US1TXDA0037
2016-08-29,0.0,PRCP,US1TXDA0037
2016-08-30,4.6,PRCP,US1TXDA0037
2016-08-31,0.0,PRCP,US1TXDA0037
2016-08-23,11.0,DAPR,US1TXDA0037
2016-08-23,782.0,MDPR,US1TXDA0037
2016-09-01,0.0,PRCP,US1TXDA0037
2016-09-02,0.0,PRCP,US1TXDA0037
2016-09-03,0.0,PRCP,US1TXDA0037
2016-09-04,0.0,PRCP,US1TXDA0037
2016-09-05,0.0,PRCP,US1TXDA0037
2016-09-06,0.0,PRCP,US1TXDA0037
2016-09-07,0.0,PRCP,US1TXDA0037
2016-09-08,0.0,PRCP,US1TXDA0037
2016-09-09,0.0,PRCP,US1TXDA0037
2016-09-10,1.5,PRCP,US1TXDA0037
2016-09-12,0.0,PRCP,US1TXDA0037
2016-09-13,0.0,PRCP,US1TXDA0037
2016-09-14,0.0,PRCP,US1TXDA0037
2016-09-15,39.1,PRCP,US1TXDA0037
2016-09-16,0.0,PRCP,US1TXDA0037
2016-09-17,0.0,PRCP,US1TXDA0037
2016-09-18,0.0,PRCP,US1TXDA0037
2016-09-19,4.1,PRCP,US1TXDA0037
2016-09-20,0.0,PRCP,US1TXDA0037
2016-09-21,0.0,PRCP,US1TXDA0037
2016-09-22,0.0,PRCP,US1TXDA0037
2016-09-23,0.0,PRCP,US1TXDA0037
2016-09-24,0.0,PRCP,US1TXDA0037
2016-09-25,0.0,PRCP,US1TXDA0037
2016-09-26,129.5,PRCP,US1TXDA0037
2016-09-27,1.8,PRCP,US1TXDA0037
2016-09-28,0.0,PRCP,US1TXDA0037
2016-09-29,0.0,PRCP,US1TXDA0037
2016-09-30,0.0,PRCP,US1TXDA0037
2016-10-01,0.0,PRCP,US1TXDA0037
2016-10-02,0.0,PRCP,US1TXDA0037
2016-10-03,0.0,PRCP,US1TXDA0037
2016-10-04,0.0,PRCP,US1TXDA0037
2016-10-05,0.0,PRCP,US1TXDA0037
2016-10-06,0.0,PRCP,US1TXDA0037
2016-10-10,0.0,PRCP,US1TXDA0037
2016-10-12,0.0,PRCP,US1TXDA0037
2016-11-28,6.9,PRCP,US1TXDA0037
